{"0": {"num": 1, "sec": "1", "ans": "B", "n": 1}, "1": {"num": 2, "sec": "1", "ans": "C", "n": 2}, "2": {"num": 3, "sec": "1", "ans": "CE", "n": 3}, "3": {"num": 4, "sec": "1", "ans": "AF", "n": 4}, "4": {"num": 5, "sec": "1", "ans": "BEG", "n": 5}, "5": {"num": 6, "sec": "1", "ans": "AEG", "n": 6}, "6": {"num": 7, "sec": "1", "ans": "CE", "n": 7}, "7": {"num": 8, "sec": "1", "ans": "AB", "n": 8}, "8": {"num": 9, "sec": "1", "ans": "EF", "n": 9}, "9": {"num": 0, "sec": "1", "ans": "BC", "n": 10}, "10": {"num": 1, "sec": "2", "ans": "C", "n": 11}, "11": {"num": 2, "sec": "2", "ans": "A", "n": 12}, "12": {"num": 3, "sec": "2", "ans": "BD", "n": 13}, "13": {"num": 4, "sec": "2", "ans": "BD", "n": 14}, "14": {"num": 5, "sec": "2", "ans": "BDG", "n": 15}, "15": {"num": 6, "sec": "2", "ans": "CFI", "n": 16}, "16": {"num": 7, "sec": "2", "ans": "CD", "n": 17}, "17": {"num": 8, "sec": "2", "ans": "AB", "n": 18}, "18": {"num": 9, "sec": "2", "ans": "DF", "n": 19}, "19": {"num": 0, "sec": "2", "ans": "BF", "n": 20}, "20": {"num": 1, "sec": "3", "ans": "D", "n": 21}, "21": {"num": 2, "sec": "3", "ans": "B", "n": 22}, "22": {"num": 3, "sec": "3", "ans": "BF", "n": 23}, "23": {"num": 4, "sec": "3", "ans": "BF", "n": 24}, "24": {"num": 5, "sec": "3", "ans": "CDI", "n": 25}, "25": {"num": 6, "sec": "3", "ans": "CEH", "n": 26}, "26": {"num": 7, "sec": "3", "ans": "DF", "n": 27}, "27": {"num": 8, "sec": "3", "ans": "AD", "n": 28}, "28": {"num": 9, "sec": "3", "ans": "CE", "n": 29}, "29": {"num": 0, "sec": "3", "ans": "BD", "n": 30}, "30": {"num": 1, "sec": "4", "ans": "D", "n": 31}, "31": {"num": 2, "sec": "4", "ans": "E", "n": 32}, "32": {"num": 3, "sec": "4", "ans": "BF", "n": 33}, "33": {"num": 4, "sec": "4", "ans": "CF", "n": 34}, "34": {"num": 5, "sec": "4", "ans": "BE", "n": 35}, "35": {"num": 6, "sec": "4", "ans": "BFG", "n": 36}, "36": {"num": 7, "sec": "4", "ans": "BE", "n": 37}, "37": {"num": 8, "sec": "4", "ans": "BE", "n": 38}, "38": {"num": 9, "sec": "4", "ans": "AF", "n": 39}, "39": {"num": 0, "sec": "4", "ans": "BD", "n": 40}, "40": {"num": 1, "sec": "5", "ans": "C", "n": 41}, "41": {"num": 2, "sec": "5", "ans": "CE", "n": 42}, "42": {"num": 3, "sec": "5", "ans": "CE", "n": 43}, "43": {"num": 4, "sec": "5", "ans": "BE", "n": 44}, "44": {"num": 5, "sec": "5", "ans": "CEH", "n": 45}, "45": {"num": 6, "sec": "5", "ans": "CEG", "n": 46}, "46": {"num": 7, "sec": "5", "ans": "AD", "n": 47}, "47": {"num": 8, "sec": "5", "ans": "AD", "n": 48}, "48": {"num": 9, "sec": "5", "ans": "AB", "n": 49}, "49": {"num": 0, "sec": "5", "ans": "CF", "n": 50}, "50": {"num": 1, "sec": "6", "ans": "B", "n": 51}, "51": {"num": 2, "sec": "6", "ans": "C", "n": 52}, "52": {"num": 3, "sec": "6", "ans": "AE", "n": 53}, "53": {"num": 4, "sec": "6", "ans": "AD", "n": 54}, "54": {"num": 5, "sec": "6", "ans": "BD", "n": 55}, "55": {"num": 6, "sec": "6", "ans": "BFH", "n": 56}, "56": {"num": 7, "sec": "6", "ans": "BD", "n": 57}, "57": {"num": 8, "sec": "6", "ans": "DE", "n": 58}, "58": {"num": 9, "sec": "6", "ans": "AC", "n": 59}, "59": {"num": 0, "sec": "6", "ans": "BE", "n": 60}, "60": {"num": 1, "sec": "7", "ans": "E", "n": 61}, "61": {"num": 2, "sec": "7", "ans": "D", "n": 62}, "62": {"num": 3, "sec": "7", "ans": "CE", "n": 63}, "63": {"num": 4, "sec": "7", "ans": "AF", "n": 64}, "64": {"num": 5, "sec": "7", "ans": "AE", "n": 65}, "65": {"num": 6, "sec": "7", "ans": "CEI", "n": 66}, "66": {"num": 7, "sec": "7", "ans": "AF", "n": 67}, "67": {"num": 8, "sec": "7", "ans": "AC", "n": 68}, "68": {"num": 9, "sec": "7", "ans": "AC", "n": 69}, "69": {"num": 0, "sec": "7", "ans": "CE", "n": 70}, "70": {"num": 1, "sec": "8", "ans": "E", "n": 71}, "71": {"num": 2, "sec": "8", "ans": "BF", "n": 72}, "72": {"num": 3, "sec": "8", "ans": "AE", "n": 73}, "73": {"num": 4, "sec": "8", "ans": "CF", "n": 74}, "74": {"num": 5, "sec": "8", "ans": "BDI", "n": 75}, "75": {"num": 6, "sec": "8", "ans": "AFH", "n": 76}, "76": {"num": 7, "sec": "8", "ans": "BC", "n": 77}, "77": {"num": 8, "sec": "8", "ans": "AC", "n": 78}, "78": {"num": 9, "sec": "8", "ans": "CF", "n": 79}, "79": {"num": 0, "sec": "8", "ans": "AC", "n": 80}, "80": {"num": 1, "sec": "9", "ans": "B", "n": 81}, "81": {"num": 2, "sec": "9", "ans": "C", "n": 82}, "82": {"num": 3, "sec": "9", "ans": "CD", "n": 83}, "83": {"num": 4, "sec": "9", "ans": "BF", "n": 84}, "84": {"num": 5, "sec": "9", "ans": "BD", "n": 85}, "85": {"num": 6, "sec": "9", "ans": "CEH", "n": 86}, "86": {"num": 7, "sec": "9", "ans": "AF", "n": 87}, "87": {"num": 8, "sec": "9", "ans": "BD", "n": 88}, "88": {"num": 9, "sec": "9", "ans": "BC", "n": 89}, "89": {"num": 0, "sec": "9", "ans": "BD", "n": 90}, "90": {"num": 1, "sec": "10", "ans": "C", "n": 91}, "91": {"num": 2, "sec": "10", "ans": "C", "n": 92}, "92": {"num": 3, "sec": "10", "ans": "BD", "n": 93}, "93": {"num": 4, "sec": "10", "ans": "AD", "n": 94}, "94": {"num": 5, "sec": "10", "ans": "CE", "n": 95}, "95": {"num": 6, "sec": "10", "ans": "CEI", "n": 96}, "96": {"num": 7, "sec": "10", "ans": "AB", "n": 97}, "97": {"num": 8, "sec": "10", "ans": "CE", "n": 98}, "98": {"num": 9, "sec": "10", "ans": "BF", "n": 99}, "99": {"num": 0, "sec": "10", "ans": "CF", "n": 100}, "100": {"num": 1, "sec": "11", "ans": "B", "n": 101}, "101": {"num": 2, "sec": "11", "ans": "C", "n": 102}, "102": {"num": 3, "sec": "11", "ans": "AE", "n": 103}, "103": {"num": 4, "sec": "11", "ans": "AF", "n": 104}, "104": {"num": 5, "sec": "11", "ans": "AE", "n": 105}, "105": {"num": 6, "sec": "11", "ans": "BDI", "n": 106}, "106": {"num": 7, "sec": "11", "ans": "EF", "n": 107}, "107": {"num": 8, "sec": "11", "ans": "CF", "n": 108}, "108": {"num": 9, "sec": "11", "ans": "AE", "n": 109}, "109": {"num": 0, "sec": "11", "ans": "BC", "n": 110}, "110": {"num": 1, "sec": "12", "ans": "B", "n": 111}, "111": {"num": 2, "sec": "12", "ans": "A", "n": 112}, "112": {"num": 3, "sec": "12", "ans": "BE", "n": 113}, "113": {"num": 4, "sec": "12", "ans": "CE", "n": 114}, "114": {"num": 5, "sec": "12", "ans": "CD", "n": 115}, "115": {"num": 6, "sec": "12", "ans": "CDI", "n": 116}, "116": {"num": 7, "sec": "12", "ans": "CF", "n": 117}, "117": {"num": 8, "sec": "12", "ans": "CD", "n": 118}, "118": {"num": 9, "sec": "12", "ans": "AB", "n": 119}, "119": {"num": 0, "sec": "12", "ans": "AB", "n": 120}, "120": {"num": 1, "sec": "13", "ans": "C", "n": 121}, "121": {"num": 2, "sec": "13", "ans": "A", "n": 122}, "122": {"num": 3, "sec": "13", "ans": "AF", "n": 123}, "123": {"num": 4, "sec": "13", "ans": "BD", "n": 124}, "124": {"num": 5, "sec": "13", "ans": "AE", "n": 125}, "125": {"num": 6, "sec": "13", "ans": "AEH", "n": 126}, "126": {"num": 7, "sec": "13", "ans": "BF", "n": 127}, "127": {"num": 8, "sec": "13", "ans": "CF", "n": 128}, "128": {"num": 9, "sec": "13", "ans": "CE", "n": 129}, "129": {"num": 0, "sec": "13", "ans": "BC", "n": 130}, "130": {"num": 1, "sec": "14", "ans": "E", "n": 131}, "131": {"num": 2, "sec": "14", "ans": "B", "n": 132}, "132": {"num": 3, "sec": "14", "ans": "CE", "n": 133}, "133": {"num": 4, "sec": "14", "ans": "CE", "n": 134}, "134": {"num": 5, "sec": "14", "ans": "BD", "n": 135}, "135": {"num": 6, "sec": "14", "ans": "AFI", "n": 136}, "136": {"num": 7, "sec": "14", "ans": "DE", "n": 137}, "137": {"num": 8, "sec": "14", "ans": "AB", "n": 138}, "138": {"num": 9, "sec": "14", "ans": "BE", "n": 139}, "139": {"num": 0, "sec": "14", "ans": "BD", "n": 140}, "140": {"num": 1, "sec": "15", "ans": "B", "n": 141}, "141": {"num": 2, "sec": "15", "ans": "B", "n": 142}, "142": {"num": 3, "sec": "15", "ans": "BF", "n": 143}, "143": {"num": 4, "sec": "15", "ans": "AD", "n": 144}, "144": {"num": 5, "sec": "15", "ans": "BF", "n": 145}, "145": {"num": 6, "sec": "15", "ans": "AFH", "n": 146}, "146": {"num": 7, "sec": "15", "ans": "CD", "n": 147}, "147": {"num": 8, "sec": "15", "ans": "AD", "n": 148}, "148": {"num": 9, "sec": "15", "ans": "BC", "n": 149}, "149": {"num": 0, "sec": "15", "ans": "AB", "n": 150}, "150": {"num": 1, "sec": "16", "ans": "A", "n": 151}, "151": {"num": 2, "sec": "16", "ans": "B", "n": 152}, "152": {"num": 3, "sec": "16", "ans": "AE", "n": 153}, "153": {"num": 4, "sec": "16", "ans": "CD", "n": 154}, "154": {"num": 5, "sec": "16", "ans": "BE", "n": 155}, "155": {"num": 6, "sec": "16", "ans": "BDH", "n": 156}, "156": {"num": 7, "sec": "16", "ans": "BD", "n": 157}, "157": {"num": 8, "sec": "16", "ans": "CD", "n": 158}, "158": {"num": 9, "sec": "16", "ans": "CE", "n": 159}, "159": {"num": 0, "sec": "16", "ans": "BF", "n": 160}, "160": {"num": 1, "sec": "17", "ans": "B", "n": 161}, "161": {"num": 2, "sec": "17", "ans": "B", "n": 162}, "162": {"num": 3, "sec": "17", "ans": "CF", "n": 163}, "163": {"num": 4, "sec": "17", "ans": "AD", "n": 164}, "164": {"num": 5, "sec": "17", "ans": "AD", "n": 165}, "165": {"num": 6, "sec": "17", "ans": "BEG", "n": 166}, "166": {"num": 7, "sec": "17", "ans": "EF", "n": 167}, "167": {"num": 8, "sec": "17", "ans": "AF", "n": 168}, "168": {"num": 9, "sec": "17", "ans": "CD", "n": 169}, "169": {"num": 0, "sec": "17", "ans": "AC", "n": 170}, "170": {"num": 1, "sec": "18", "ans": "D", "n": 171}, "171": {"num": 2, "sec": "18", "ans": "A", "n": 172}, "172": {"num": 3, "sec": "18", "ans": "BD", "n": 173}, "173": {"num": 4, "sec": "18", "ans": "AE", "n": 174}, "174": {"num": 5, "sec": "18", "ans": "AD", "n": 175}, "175": {"num": 6, "sec": "18", "ans": "AEH", "n": 176}, "176": {"num": 7, "sec": "18", "ans": "CE", "n": 177}, "177": {"num": 8, "sec": "18", "ans": "AF", "n": 178}, "178": {"num": 9, "sec": "18", "ans": "CD", "n": 179}, "179": {"num": 0, "sec": "18", "ans": "AC", "n": 180}, "180": {"num": 1, "sec": "19", "ans": "A", "n": 181}, "181": {"num": 2, "sec": "19", "ans": "C", "n": 182}, "182": {"num": 3, "sec": "19", "ans": "AF", "n": 183}, "183": {"num": 4, "sec": "19", "ans": "BD", "n": 184}, "184": {"num": 5, "sec": "19", "ans": "BD", "n": 185}, "185": {"num": 6, "sec": "19", "ans": "AEI", "n": 186}, "186": {"num": 7, "sec": "19", "ans": "BD", "n": 187}, "187": {"num": 8, "sec": "19", "ans": "BD", "n": 188}, "188": {"num": 9, "sec": "19", "ans": "BC", "n": 189}, "189": {"num": 0, "sec": "19", "ans": "BD", "n": 190}, "190": {"num": 1, "sec": "20", "ans": "B", "n": 191}, "191": {"num": 2, "sec": "20", "ans": "D", "n": 192}, "192": {"num": 3, "sec": "20", "ans": "CF", "n": 193}, "193": {"num": 4, "sec": "20", "ans": "AE", "n": 194}, "194": {"num": 5, "sec": "20", "ans": "BD", "n": 195}, "195": {"num": 6, "sec": "20", "ans": "CEH", "n": 196}, "196": {"num": 7, "sec": "20", "ans": "BF", "n": 197}, "197": {"num": 8, "sec": "20", "ans": "BE", "n": 198}, "198": {"num": 9, "sec": "20", "ans": "AE", "n": 199}, "199": {"num": 0, "sec": "20", "ans": "BE", "n": 200}, "200": {"num": 1, "sec": "21", "ans": "B", "n": 201}, "201": {"num": 2, "sec": "21", "ans": "E", "n": 202}, "202": {"num": 3, "sec": "21", "ans": "CD", "n": 203}, "203": {"num": 4, "sec": "21", "ans": "BF", "n": 204}, "204": {"num": 5, "sec": "21", "ans": "BEH", "n": 205}, "205": {"num": 6, "sec": "21", "ans": "ADG", "n": 206}, "206": {"num": 7, "sec": "21", "ans": "CE", "n": 207}, "207": {"num": 8, "sec": "21", "ans": "AB", "n": 208}, "208": {"num": 9, "sec": "21", "ans": "BD", "n": 209}, "209": {"num": 0, "sec": "21", "ans": "AD", "n": 210}, "210": {"num": 1, "sec": "22", "ans": "C", "n": 211}, "211": {"num": 2, "sec": "22", "ans": "A", "n": 212}, "212": {"num": 3, "sec": "22", "ans": "AE", "n": 213}, "213": {"num": 4, "sec": "22", "ans": "CD", "n": 214}, "214": {"num": 5, "sec": "22", "ans": "ADI", "n": 215}, "215": {"num": 6, "sec": "22", "ans": "AEG", "n": 216}, "216": {"num": 7, "sec": "22", "ans": "BD", "n": 217}, "217": {"num": 8, "sec": "22", "ans": "AC", "n": 218}, "218": {"num": 9, "sec": "22", "ans": "CF", "n": 219}, "219": {"num": 0, "sec": "22", "ans": "CE", "n": 220}, "220": {"num": 1, "sec": "23", "ans": "D", "n": 221}, "221": {"num": 2, "sec": "23", "ans": "E", "n": 222}, "222": {"num": 3, "sec": "23", "ans": "CE", "n": 223}, "223": {"num": 4, "sec": "23", "ans": "BD", "n": 224}, "224": {"num": 5, "sec": "23", "ans": "AEI", "n": 225}, "225": {"num": 6, "sec": "23", "ans": "CDG", "n": 226}, "226": {"num": 7, "sec": "23", "ans": "BD", "n": 227}, "227": {"num": 8, "sec": "23", "ans": "AF", "n": 228}, "228": {"num": 9, "sec": "23", "ans": "AC", "n": 229}, "229": {"num": 0, "sec": "23", "ans": "CF", "n": 230}, "230": {"num": 1, "sec": "24", "ans": "E", "n": 231}, "231": {"num": 2, "sec": "24", "ans": "E", "n": 232}, "232": {"num": 3, "sec": "24", "ans": "BF", "n": 233}, "233": {"num": 4, "sec": "24", "ans": "CE", "n": 234}, "234": {"num": 5, "sec": "24", "ans": "AEI", "n": 235}, "235": {"num": 6, "sec": "24", "ans": "ADI", "n": 236}, "236": {"num": 7, "sec": "24", "ans": "AB", "n": 237}, "237": {"num": 8, "sec": "24", "ans": "AF", "n": 238}, "238": {"num": 9, "sec": "24", "ans": "CF", "n": 239}, "239": {"num": 0, "sec": "24", "ans": "BE", "n": 240}, "240": {"num": 1, "sec": "25", "ans": "A", "n": 241}, "241": {"num": 2, "sec": "25", "ans": "B", "n": 242}, "242": {"num": 3, "sec": "25", "ans": "BF", "n": 243}, "243": {"num": 4, "sec": "25", "ans": "BD", "n": 244}, "244": {"num": 5, "sec": "25", "ans": "ADG", "n": 245}, "245": {"num": 6, "sec": "25", "ans": "BEG", "n": 246}, "246": {"num": 7, "sec": "25", "ans": "BF", "n": 247}, "247": {"num": 8, "sec": "25", "ans": "DF", "n": 248}, "248": {"num": 9, "sec": "25", "ans": "AF", "n": 249}, "249": {"num": 0, "sec": "25", "ans": "AB", "n": 250}, "250": {"num": 1, "sec": "26", "ans": "E", "n": 251}, "251": {"num": 2, "sec": "26", "ans": "B", "n": 252}, "252": {"num": 3, "sec": "26", "ans": "CE", "n": 253}, "253": {"num": 4, "sec": "26", "ans": "BF", "n": 254}, "254": {"num": 5, "sec": "26", "ans": "AEH", "n": 255}, "255": {"num": 6, "sec": "26", "ans": "BDG", "n": 256}, "256": {"num": 7, "sec": "26", "ans": "BD", "n": 257}, "257": {"num": 8, "sec": "26", "ans": "AB", "n": 258}, "258": {"num": 9, "sec": "26", "ans": "AE", "n": 259}, "259": {"num": 0, "sec": "26", "ans": "CE", "n": 260}, "260": {"num": 1, "sec": "27", "ans": "A", "n": 261}, "261": {"num": 2, "sec": "27", "ans": "D", "n": 262}, "262": {"num": 3, "sec": "27", "ans": "AD", "n": 263}, "263": {"num": 4, "sec": "27", "ans": "BE", "n": 264}, "264": {"num": 5, "sec": "27", "ans": "BDI", "n": 265}, "265": {"num": 6, "sec": "27", "ans": "BDI", "n": 266}, "266": {"num": 7, "sec": "27", "ans": "CF", "n": 267}, "267": {"num": 8, "sec": "27", "ans": "BE", "n": 268}, "268": {"num": 9, "sec": "27", "ans": "CD", "n": 269}, "269": {"num": 0, "sec": "27", "ans": "AB", "n": 270}, "270": {"num": 1, "sec": "28", "ans": "B", "n": 271}, "271": {"num": 2, "sec": "28", "ans": "B", "n": 272}, "272": {"num": 3, "sec": "28", "ans": "CD", "n": 273}, "273": {"num": 4, "sec": "28", "ans": "BE", "n": 274}, "274": {"num": 5, "sec": "28", "ans": "AEG", "n": 275}, "275": {"num": 6, "sec": "28", "ans": "CDH", "n": 276}, "276": {"num": 7, "sec": "28", "ans": "AC", "n": 277}, "277": {"num": 8, "sec": "28", "ans": "BC", "n": 278}, "278": {"num": 9, "sec": "28", "ans": "BC", "n": 279}, "279": {"num": 0, "sec": "28", "ans": "AB", "n": 280}, "280": {"num": 1, "sec": "29", "ans": "A", "n": 281}, "281": {"num": 2, "sec": "29", "ans": "B", "n": 282}, "282": {"num": 3, "sec": "29", "ans": "BE", "n": 283}, "283": {"num": 4, "sec": "29", "ans": "BD", "n": 284}, "284": {"num": 5, "sec": "29", "ans": "AEI", "n": 285}, "285": {"num": 6, "sec": "29", "ans": "ADI", "n": 286}, "286": {"num": 7, "sec": "29", "ans": "CD", "n": 287}, "287": {"num": 8, "sec": "29", "ans": "BE", "n": 288}, "288": {"num": 9, "sec": "29", "ans": "AC", "n": 289}, "289": {"num": 0, "sec": "29", "ans": "DF", "n": 290}, "290": {"num": 1, "sec": "30", "ans": "C", "n": 291}, "291": {"num": 2, "sec": "30", "ans": "B", "n": 292}, "292": {"num": 3, "sec": "30", "ans": "BF", "n": 293}, "293": {"num": 4, "sec": "30", "ans": "AD", "n": 294}, "294": {"num": 5, "sec": "30", "ans": "BDH", "n": 295}, "295": {"num": 6, "sec": "30", "ans": "BEI", "n": 296}, "296": {"num": 7, "sec": "30", "ans": "CF", "n": 297}, "297": {"num": 8, "sec": "30", "ans": "BD", "n": 298}, "298": {"num": 9, "sec": "30", "ans": "DF", "n": 299}, "299": {"num": 0, "sec": "30", "ans": "EF", "n": 300}, "300": {"num": 1, "sec": "31", "ans": "B", "n": 301}, "301": {"num": 2, "sec": "31", "ans": "D", "n": 302}, "302": {"num": 3, "sec": "31", "ans": "BD", "n": 303}, "303": {"num": 4, "sec": "31", "ans": "BF", "n": 304}, "304": {"num": 5, "sec": "31", "ans": "ADG", "n": 305}, "305": {"num": 6, "sec": "31", "ans": "BEG", "n": 306}, "306": {"num": 7, "sec": "31", "ans": "DF", "n": 307}, "307": {"num": 8, "sec": "31", "ans": "CF", "n": 308}, "308": {"num": 9, "sec": "31", "ans": "AE", "n": 309}, "309": {"num": 0, "sec": "31", "ans": "AF", "n": 310}, "310": {"num": 1, "sec": "32", "ans": "B", "n": 311}, "311": {"num": 2, "sec": "32", "ans": "C", "n": 312}, "312": {"num": 3, "sec": "32", "ans": "CE", "n": 313}, "313": {"num": 4, "sec": "32", "ans": "BD", "n": 314}, "314": {"num": 5, "sec": "32", "ans": "CDH", "n": 315}, "315": {"num": 6, "sec": "32", "ans": "AEI", "n": 316}, "316": {"num": 7, "sec": "32", "ans": "BE", "n": 317}, "317": {"num": 8, "sec": "32", "ans": "AF", "n": 318}, "318": {"num": 9, "sec": "32", "ans": "CF", "n": 319}, "319": {"num": 0, "sec": "32", "ans": "CF", "n": 320}, "320": {"num": 1, "sec": "33", "ans": "E", "n": 321}, "321": {"num": 2, "sec": "33", "ans": "D", "n": 322}, "322": {"num": 3, "sec": "33", "ans": "BE", "n": 323}, "323": {"num": 4, "sec": "33", "ans": "BD", "n": 324}, "324": {"num": 5, "sec": "33", "ans": "CEI", "n": 325}, "325": {"num": 6, "sec": "33", "ans": "CDG", "n": 326}, "326": {"num": 7, "sec": "33", "ans": "AC", "n": 327}, "327": {"num": 8, "sec": "33", "ans": "CF", "n": 328}, "328": {"num": 9, "sec": "33", "ans": "AC", "n": 329}, "329": {"num": 0, "sec": "33", "ans": "CE", "n": 330}, "330": {"num": 1, "sec": "34", "ans": "A", "n": 331}, "331": {"num": 2, "sec": "34", "ans": "E", "n": 332}, "332": {"num": 3, "sec": "34", "ans": "AE", "n": 333}, "333": {"num": 4, "sec": "34", "ans": "BD", "n": 334}, "334": {"num": 5, "sec": "34", "ans": "BFH", "n": 335}, "335": {"num": 6, "sec": "34", "ans": "BEI", "n": 336}, "336": {"num": 7, "sec": "34", "ans": "DE", "n": 337}, "337": {"num": 8, "sec": "34", "ans": "AC", "n": 338}, "338": {"num": 9, "sec": "34", "ans": "DE", "n": 339}, "339": {"num": 0, "sec": "34", "ans": "EF", "n": 340}, "340": {"num": 1, "sec": "35", "ans": "E", "n": 341}, "341": {"num": 2, "sec": "35", "ans": "E", "n": 342}, "342": {"num": 3, "sec": "35", "ans": "AE", "n": 343}, "343": {"num": 4, "sec": "35", "ans": "BD", "n": 344}, "344": {"num": 5, "sec": "35", "ans": "BFH", "n": 345}, "345": {"num": 6, "sec": "35", "ans": "CEH", "n": 346}, "346": {"num": 7, "sec": "35", "ans": "BC", "n": 347}, "347": {"num": 8, "sec": "35", "ans": "BD", "n": 348}, "348": {"num": 9, "sec": "35", "ans": "AB", "n": 349}, "349": {"num": 0, "sec": "35", "ans": "BF", "n": 350}, "350": {"num": 1, "sec": "36", "ans": "A", "n": 351}, "351": {"num": 2, "sec": "36", "ans": "E", "n": 352}, "352": {"num": 3, "sec": "36", "ans": "BD", "n": 353}, "353": {"num": 4, "sec": "36", "ans": "AF", "n": 354}, "354": {"num": 5, "sec": "36", "ans": "BEI", "n": 355}, "355": {"num": 6, "sec": "36", "ans": "BEH", "n": 356}, "356": {"num": 7, "sec": "36", "ans": "CE", "n": 357}, "357": {"num": 8, "sec": "36", "ans": "AD", "n": 358}, "358": {"num": 9, "sec": "36", "ans": "AF", "n": 359}, "359": {"num": 0, "sec": "36", "ans": "EF", "n": 360}, "360": {"num": 1, "sec": "37", "ans": "C", "n": 361}, "361": {"num": 2, "sec": "37", "ans": "B", "n": 362}, "362": {"num": 3, "sec": "37", "ans": "CE", "n": 363}, "363": {"num": 4, "sec": "37", "ans": "CE", "n": 364}, "364": {"num": 5, "sec": "37", "ans": "CEI", "n": 365}, "365": {"num": 6, "sec": "37", "ans": "BDI", "n": 366}, "366": {"num": 7, "sec": "37", "ans": "CE", "n": 367}, "367": {"num": 8, "sec": "37", "ans": "DF", "n": 368}, "368": {"num": 9, "sec": "37", "ans": "CF", "n": 369}, "369": {"num": 0, "sec": "37", "ans": "DF", "n": 370}, "370": {"num": 1, "sec": "38", "ans": "C", "n": 371}, "371": {"num": 2, "sec": "38", "ans": "E", "n": 372}, "372": {"num": 3, "sec": "38", "ans": "BF", "n": 373}, "373": {"num": 4, "sec": "38", "ans": "AD", "n": 374}, "374": {"num": 5, "sec": "38", "ans": "BDI", "n": 375}, "375": {"num": 6, "sec": "38", "ans": "AEI", "n": 376}, "376": {"num": 7, "sec": "38", "ans": "DF", "n": 377}, "377": {"num": 8, "sec": "38", "ans": "DF", "n": 378}, "378": {"num": 9, "sec": "38", "ans": "DF", "n": 379}, "379": {"num": 0, "sec": "38", "ans": "AB", "n": 380}, "380": {"num": 1, "sec": "39", "ans": "A", "n": 381}, "381": {"num": 2, "sec": "39", "ans": "A", "n": 382}, "382": {"num": 3, "sec": "39", "ans": "AD", "n": 383}, "383": {"num": 4, "sec": "39", "ans": "BE", "n": 384}, "384": {"num": 5, "sec": "39", "ans": "CEH", "n": 385}, "385": {"num": 6, "sec": "39", "ans": "AFI", "n": 386}, "386": {"num": 7, "sec": "39", "ans": "EF", "n": 387}, "387": {"num": 8, "sec": "39", "ans": "CF", "n": 388}, "388": {"num": 9, "sec": "39", "ans": "EF", "n": 389}, "389": {"num": 0, "sec": "39", "ans": "CF", "n": 390}, "390": {"num": 1, "sec": "40", "ans": "E", "n": 391}, "391": {"num": 2, "sec": "40", "ans": "A", "n": 392}, "392": {"num": 3, "sec": "40", "ans": "AE", "n": 393}, "393": {"num": 4, "sec": "40", "ans": "AD", "n": 394}, "394": {"num": 5, "sec": "40", "ans": "CEH", "n": 395}, "395": {"num": 6, "sec": "40", "ans": "BEG", "n": 396}, "396": {"num": 7, "sec": "40", "ans": "AC", "n": 397}, "397": {"num": 8, "sec": "40", "ans": "CE", "n": 398}, "398": {"num": 9, "sec": "40", "ans": "AB", "n": 399}, "399": {"num": 0, "sec": "40", "ans": "BC", "n": 400}, "400": {"num": 1, "sec": "41", "ans": "A", "n": 401}, "401": {"num": 2, "sec": "41", "ans": "E", "n": 402}, "402": {"num": 3, "sec": "41", "ans": "BD", "n": 403}, "403": {"num": 4, "sec": "41", "ans": "AE", "n": 404}, "404": {"num": 5, "sec": "41", "ans": "CDH", "n": 405}, "405": {"num": 6, "sec": "41", "ans": "CEI", "n": 406}, "406": {"num": 7, "sec": "41", "ans": "CD", "n": 407}, "407": {"num": 8, "sec": "41", "ans": "DF", "n": 408}, "408": {"num": 9, "sec": "41", "ans": "CF", "n": 409}, "409": {"num": 0, "sec": "41", "ans": "CE", "n": 410}, "410": {"num": 1, "sec": "42", "ans": "E", "n": 411}, "411": {"num": 2, "sec": "42", "ans": "C", "n": 412}, "412": {"num": 3, "sec": "42", "ans": "CF", "n": 413}, "413": {"num": 4, "sec": "42", "ans": "BF", "n": 414}, "414": {"num": 5, "sec": "42", "ans": "CFI", "n": 415}, "415": {"num": 6, "sec": "42", "ans": "ADI", "n": 416}, "416": {"num": 7, "sec": "42", "ans": "AE", "n": 417}, "417": {"num": 8, "sec": "42", "ans": "DF", "n": 418}, "418": {"num": 9, "sec": "42", "ans": "BE", "n": 419}, "419": {"num": 0, "sec": "42", "ans": "AC", "n": 420}, "420": {"num": 1, "sec": "43", "ans": "A", "n": 421}, "421": {"num": 2, "sec": "43", "ans": "D", "n": 422}, "422": {"num": 3, "sec": "43", "ans": "AE", "n": 423}, "423": {"num": 4, "sec": "43", "ans": "CE", "n": 424}, "424": {"num": 5, "sec": "43", "ans": "AEG", "n": 425}, "425": {"num": 6, "sec": "43", "ans": "BDG", "n": 426}, "426": {"num": 7, "sec": "43", "ans": "AB", "n": 427}, "427": {"num": 8, "sec": "43", "ans": "EF", "n": 428}, "428": {"num": 9, "sec": "43", "ans": "DF", "n": 429}, "429": {"num": 0, "sec": "43", "ans": "BE", "n": 430}, "430": {"num": 1, "sec": "44", "ans": "B", "n": 431}, "431": {"num": 2, "sec": "44", "ans": "E", "n": 432}, "432": {"num": 3, "sec": "44", "ans": "AF", "n": 433}, "433": {"num": 4, "sec": "44", "ans": "BD", "n": 434}, "434": {"num": 5, "sec": "44", "ans": "ADI", "n": 435}, "435": {"num": 6, "sec": "44", "ans": "CDG", "n": 436}, "436": {"num": 7, "sec": "44", "ans": "AE", "n": 437}, "437": {"num": 8, "sec": "44", "ans": "BF", "n": 438}, "438": {"num": 9, "sec": "44", "ans": "BE", "n": 439}, "439": {"num": 0, "sec": "44", "ans": "DF", "n": 440}, "440": {"num": 1, "sec": "45", "ans": "D", "n": 441}, "441": {"num": 2, "sec": "45", "ans": "D", "n": 442}, "442": {"num": 3, "sec": "45", "ans": "CE", "n": 443}, "443": {"num": 4, "sec": "45", "ans": "BE", "n": 444}, "444": {"num": 5, "sec": "45", "ans": "CDI", "n": 445}, "445": {"num": 6, "sec": "45", "ans": "BDG", "n": 446}, "446": {"num": 7, "sec": "45", "ans": "AD", "n": 447}, "447": {"num": 8, "sec": "45", "ans": "EF", "n": 448}, "448": {"num": 9, "sec": "45", "ans": "AC", "n": 449}, "449": {"num": 0, "sec": "45", "ans": "BF", "n": 450}, "450": {"num": 1, "sec": "46", "ans": "B", "n": 451}, "451": {"num": 2, "sec": "46", "ans": "D", "n": 452}, "452": {"num": 3, "sec": "46", "ans": "BD", "n": 453}, "453": {"num": 4, "sec": "46", "ans": "BF", "n": 454}, "454": {"num": 5, "sec": "46", "ans": "CDH", "n": 455}, "455": {"num": 6, "sec": "46", "ans": "BEG", "n": 456}, "456": {"num": 7, "sec": "46", "ans": "BC", "n": 457}, "457": {"num": 8, "sec": "46", "ans": "CF", "n": 458}, "458": {"num": 9, "sec": "46", "ans": "EF", "n": 459}, "459": {"num": 0, "sec": "46", "ans": "CD", "n": 460}, "460": {"num": 1, "sec": "47", "ans": "E", "n": 461}, "461": {"num": 2, "sec": "47", "ans": "C", "n": 462}, "462": {"num": 3, "sec": "47", "ans": "AD", "n": 463}, "463": {"num": 4, "sec": "47", "ans": "BD", "n": 464}, "464": {"num": 5, "sec": "47", "ans": "AFG", "n": 465}, "465": {"num": 6, "sec": "47", "ans": "ADG", "n": 466}, "466": {"num": 7, "sec": "47", "ans": "DF", "n": 467}, "467": {"num": 8, "sec": "47", "ans": "BD", "n": 468}, "468": {"num": 9, "sec": "47", "ans": "BD", "n": 469}, "469": {"num": 0, "sec": "47", "ans": "CD", "n": 470}, "470": {"num": 1, "sec": "48", "ans": "B", "n": 471}, "471": {"num": 2, "sec": "48", "ans": "A", "n": 472}, "472": {"num": 3, "sec": "48", "ans": "CF", "n": 473}, "473": {"num": 4, "sec": "48", "ans": "CF", "n": 474}, "474": {"num": 5, "sec": "48", "ans": "CFG", "n": 475}, "475": {"num": 6, "sec": "48", "ans": "CEH", "n": 476}, "476": {"num": 7, "sec": "48", "ans": "BE", "n": 477}, "477": {"num": 8, "sec": "48", "ans": "AF", "n": 478}, "478": {"num": 9, "sec": "48", "ans": "AD", "n": 479}, "479": {"num": 0, "sec": "48", "ans": "CD", "n": 480}, "480": {"num": 1, "sec": "49", "ans": "E", "n": 481}, "481": {"num": 2, "sec": "49", "ans": "B", "n": 482}, "482": {"num": 3, "sec": "49", "ans": "AD", "n": 483}, "483": {"num": 4, "sec": "49", "ans": "BD", "n": 484}, "484": {"num": 5, "sec": "49", "ans": "CEI", "n": 485}, "485": {"num": 6, "sec": "49", "ans": "CDH", "n": 486}, "486": {"num": 7, "sec": "49", "ans": "EF", "n": 487}, "487": {"num": 8, "sec": "49", "ans": "BD", "n": 488}, "488": {"num": 9, "sec": "49", "ans": "CF", "n": 489}, "489": {"num": 0, "sec": "49", "ans": "BC", "n": 490}, "490": {"num": 1, "sec": "50", "ans": "E", "n": 491}, "491": {"num": 2, "sec": "50", "ans": "D", "n": 492}, "492": {"num": 3, "sec": "50", "ans": "CF", "n": 493}, "493": {"num": 4, "sec": "50", "ans": "CE", "n": 494}, "494": {"num": 5, "sec": "50", "ans": "CFI", "n": 495}, "495": {"num": 6, "sec": "50", "ans": "AEG", "n": 496}, "496": {"num": 7, "sec": "50", "ans": "CD", "n": 497}, "497": {"num": 8, "sec": "50", "ans": "BC", "n": 498}, "498": {"num": 9, "sec": "50", "ans": "AE", "n": 499}, "499": {"num": 0, "sec": "50", "ans": "BE", "n": 500}, "500": {"num": 1, "sec": "51", "ans": "C", "n": 501}, "501": {"num": 2, "sec": "51", "ans": "B", "n": 502}, "502": {"num": 3, "sec": "51", "ans": "CE", "n": 503}, "503": {"num": 4, "sec": "51", "ans": "CD", "n": 504}, "504": {"num": 5, "sec": "51", "ans": "AFG", "n": 505}, "505": {"num": 6, "sec": "51", "ans": "CDH", "n": 506}, "506": {"num": 7, "sec": "51", "ans": "AB", "n": 507}, "507": {"num": 8, "sec": "51", "ans": "AF", "n": 508}, "508": {"num": 9, "sec": "51", "ans": "BC", "n": 509}, "509": {"num": 0, "sec": "51", "ans": "AF", "n": 510}, "510": {"num": 1, "sec": "52", "ans": "C", "n": 511}, "511": {"num": 2, "sec": "52", "ans": "D", "n": 512}, "512": {"num": 3, "sec": "52", "ans": "AD", "n": 513}, "513": {"num": 4, "sec": "52", "ans": "CD", "n": 514}, "514": {"num": 5, "sec": "52", "ans": "BEG", "n": 515}, "515": {"num": 6, "sec": "52", "ans": "ADG", "n": 516}, "516": {"num": 7, "sec": "52", "ans": "EF", "n": 517}, "517": {"num": 8, "sec": "52", "ans": "AC", "n": 518}, "518": {"num": 9, "sec": "52", "ans": "BF", "n": 519}, "519": {"num": 0, "sec": "52", "ans": "DF", "n": 520}, "520": {"num": 1, "sec": "53", "ans": "E", "n": 521}, "521": {"num": 2, "sec": "53", "ans": "B", "n": 522}, "522": {"num": 3, "sec": "53", "ans": "BE", "n": 523}, "523": {"num": 4, "sec": "53", "ans": "BD", "n": 524}, "524": {"num": 5, "sec": "53", "ans": "CEH", "n": 525}, "525": {"num": 6, "sec": "53", "ans": "AEI", "n": 526}, "526": {"num": 7, "sec": "53", "ans": "CE", "n": 527}, "527": {"num": 8, "sec": "53", "ans": "DF", "n": 528}, "528": {"num": 9, "sec": "53", "ans": "CE", "n": 529}, "529": {"num": 0, "sec": "53", "ans": "BD", "n": 530}, "530": {"num": 1, "sec": "54", "ans": "C", "n": 531}, "531": {"num": 2, "sec": "54", "ans": "E", "n": 532}, "532": {"num": 3, "sec": "54", "ans": "AD", "n": 533}, "533": {"num": 4, "sec": "54", "ans": "AD", "n": 534}, "534": {"num": 5, "sec": "54", "ans": "CDH", "n": 535}, "535": {"num": 6, "sec": "54", "ans": "AFI", "n": 536}, "536": {"num": 7, "sec": "54", "ans": "BF", "n": 537}, "537": {"num": 8, "sec": "54", "ans": "AD", "n": 538}, "538": {"num": 9, "sec": "54", "ans": "AE", "n": 539}, "539": {"num": 0, "sec": "54", "ans": "BE", "n": 540}, "540": {"num": 1, "sec": "55", "ans": "E", "n": 541}, "541": {"num": 2, "sec": "55", "ans": "A", "n": 542}, "542": {"num": 3, "sec": "55", "ans": "AE", "n": 543}, "543": {"num": 4, "sec": "55", "ans": "AF", "n": 544}, "544": {"num": 5, "sec": "55", "ans": "ADI", "n": 545}, "545": {"num": 6, "sec": "55", "ans": "AEG", "n": 546}, "546": {"num": 7, "sec": "55", "ans": "BD", "n": 547}, "547": {"num": 8, "sec": "55", "ans": "DF", "n": 548}, "548": {"num": 9, "sec": "55", "ans": "EF", "n": 549}, "549": {"num": 0, "sec": "55", "ans": "AC", "n": 550}, "550": {"num": 1, "sec": "56", "ans": "E", "n": 551}, "551": {"num": 2, "sec": "56", "ans": "C", "n": 552}, "552": {"num": 3, "sec": "56", "ans": "AF", "n": 553}, "553": {"num": 4, "sec": "56", "ans": "CD", "n": 554}, "554": {"num": 5, "sec": "56", "ans": "BFI", "n": 555}, "555": {"num": 6, "sec": "56", "ans": "AFI", "n": 556}, "556": {"num": 7, "sec": "56", "ans": "DE", "n": 557}, "557": {"num": 8, "sec": "56", "ans": "AF", "n": 558}, "558": {"num": 9, "sec": "56", "ans": "CE", "n": 559}, "559": {"num": 0, "sec": "56", "ans": "DF", "n": 560}, "560": {"num": 1, "sec": "57", "ans": "C", "n": 561}, "561": {"num": 2, "sec": "57", "ans": "C", "n": 562}, "562": {"num": 3, "sec": "57", "ans": "AE", "n": 563}, "563": {"num": 4, "sec": "57", "ans": "BF", "n": 564}, "564": {"num": 5, "sec": "57", "ans": "ADI", "n": 565}, "565": {"num": 6, "sec": "57", "ans": "AEI", "n": 566}, "566": {"num": 7, "sec": "57", "ans": "CF", "n": 567}, "567": {"num": 8, "sec": "57", "ans": "AC", "n": 568}, "568": {"num": 9, "sec": "57", "ans": "CE", "n": 569}, "569": {"num": 0, "sec": "57", "ans": "BD", "n": 570}, "570": {"num": 1, "sec": "58", "ans": "B", "n": 571}, "571": {"num": 2, "sec": "58", "ans": "D", "n": 572}, "572": {"num": 3, "sec": "58", "ans": "AD", "n": 573}, "573": {"num": 4, "sec": "58", "ans": "AF", "n": 574}, "574": {"num": 5, "sec": "58", "ans": "BFI", "n": 575}, "575": {"num": 6, "sec": "58", "ans": "BFG", "n": 576}, "576": {"num": 7, "sec": "58", "ans": "AF", "n": 577}, "577": {"num": 8, "sec": "58", "ans": "AE", "n": 578}, "578": {"num": 9, "sec": "58", "ans": "DE", "n": 579}, "579": {"num": 0, "sec": "58", "ans": "AE", "n": 580}, "580": {"num": 1, "sec": "59", "ans": "A", "n": 581}, "581": {"num": 2, "sec": "59", "ans": "A", "n": 582}, "582": {"num": 3, "sec": "59", "ans": "BD", "n": 583}, "583": {"num": 4, "sec": "59", "ans": "CE", "n": 584}, "584": {"num": 5, "sec": "59", "ans": "AFI", "n": 585}, "585": {"num": 6, "sec": "59", "ans": "BEI", "n": 586}, "586": {"num": 7, "sec": "59", "ans": "BC", "n": 587}, "587": {"num": 8, "sec": "59", "ans": "CE", "n": 588}, "588": {"num": 9, "sec": "59", "ans": "CF", "n": 589}, "589": {"num": 0, "sec": "59", "ans": "EF", "n": 590}, "590": {"num": 1, "sec": "60", "ans": "D", "n": 591}, "591": {"num": 2, "sec": "60", "ans": "D", "n": 592}, "592": {"num": 3, "sec": "60", "ans": "CD", "n": 593}, "593": {"num": 4, "sec": "60", "ans": "BD", "n": 594}, "594": {"num": 5, "sec": "60", "ans": "CDG", "n": 595}, "595": {"num": 6, "sec": "60", "ans": "BEG", "n": 596}, "596": {"num": 7, "sec": "60", "ans": "AE", "n": 597}, "597": {"num": 8, "sec": "60", "ans": "AF", "n": 598}, "598": {"num": 9, "sec": "60", "ans": "CD", "n": 599}, "599": {"num": 0, "sec": "60", "ans": "CF", "n": 600}, "600": {"num": 1, "sec": "61", "ans": "D", "n": 601}, "601": {"num": 2, "sec": "61", "ans": "C", "n": 602}, "602": {"num": 3, "sec": "61", "ans": "AD", "n": 603}, "603": {"num": 4, "sec": "61", "ans": "CF", "n": 604}, "604": {"num": 5, "sec": "61", "ans": "BEH", "n": 605}, "605": {"num": 6, "sec": "61", "ans": "ADI", "n": 606}, "606": {"num": 7, "sec": "61", "ans": "AB", "n": 607}, "607": {"num": 8, "sec": "61", "ans": "AB", "n": 608}, "608": {"num": 9, "sec": "61", "ans": "DE", "n": 609}, "609": {"num": 0, "sec": "61", "ans": "BD", "n": 610}, "610": {"num": 1, "sec": "62", "ans": "E", "n": 611}, "611": {"num": 2, "sec": "62", "ans": "C", "n": 612}, "612": {"num": 3, "sec": "62", "ans": "AE", "n": 613}, "613": {"num": 4, "sec": "62", "ans": "AE", "n": 614}, "614": {"num": 5, "sec": "62", "ans": "CDG", "n": 615}, "615": {"num": 6, "sec": "62", "ans": "CEH", "n": 616}, "616": {"num": 7, "sec": "62", "ans": "BD", "n": 617}, "617": {"num": 8, "sec": "62", "ans": "AC", "n": 618}, "618": {"num": 9, "sec": "62", "ans": "DF", "n": 619}, "619": {"num": 0, "sec": "62", "ans": "AE", "n": 620}, "620": {"num": 1, "sec": "63", "ans": "B", "n": 621}, "621": {"num": 2, "sec": "63", "ans": "C", "n": 622}, "622": {"num": 3, "sec": "63", "ans": "AE", "n": 623}, "623": {"num": 4, "sec": "63", "ans": "CF", "n": 624}, "624": {"num": 5, "sec": "63", "ans": "BEH", "n": 625}, "625": {"num": 6, "sec": "63", "ans": "AEI", "n": 626}, "626": {"num": 7, "sec": "63", "ans": "BD", "n": 627}, "627": {"num": 8, "sec": "63", "ans": "AB", "n": 628}, "628": {"num": 9, "sec": "63", "ans": "BD", "n": 629}, "629": {"num": 0, "sec": "63", "ans": "DF", "n": 630}, "630": {"num": 1, "sec": "64", "ans": "E", "n": 631}, "631": {"num": 2, "sec": "64", "ans": "E", "n": 632}, "632": {"num": 3, "sec": "64", "ans": "AE", "n": 633}, "633": {"num": 4, "sec": "64", "ans": "CE", "n": 634}, "634": {"num": 5, "sec": "64", "ans": "AFH", "n": 635}, "635": {"num": 6, "sec": "64", "ans": "CDH", "n": 636}, "636": {"num": 7, "sec": "64", "ans": "BD", "n": 637}, "637": {"num": 8, "sec": "64", "ans": "BE", "n": 638}, "638": {"num": 9, "sec": "64", "ans": "BE", "n": 639}, "639": {"num": 0, "sec": "64", "ans": "DE", "n": 640}, "640": {"num": 1, "sec": "65", "ans": "E", "n": 641}, "641": {"num": 2, "sec": "65", "ans": "B", "n": 642}, "642": {"num": 3, "sec": "65", "ans": "CF", "n": 643}, "643": {"num": 4, "sec": "65", "ans": "CF", "n": 644}, "644": {"num": 5, "sec": "65", "ans": "CEI", "n": 645}, "645": {"num": 6, "sec": "65", "ans": "BFH", "n": 646}, "646": {"num": 7, "sec": "65", "ans": "CD", "n": 647}, "647": {"num": 8, "sec": "65", "ans": "CF", "n": 648}, "648": {"num": 9, "sec": "65", "ans": "AD", "n": 649}, "649": {"num": 0, "sec": "65", "ans": "BF", "n": 650}, "650": {"num": 1, "sec": "66", "ans": "D", "n": 651}, "651": {"num": 2, "sec": "66", "ans": "A", "n": 652}, "652": {"num": 3, "sec": "66", "ans": "AD", "n": 653}, "653": {"num": 4, "sec": "66", "ans": "BE", "n": 654}, "654": {"num": 5, "sec": "66", "ans": "ADI", "n": 655}, "655": {"num": 6, "sec": "66", "ans": "CEI", "n": 656}, "656": {"num": 7, "sec": "66", "ans": "CE", "n": 657}, "657": {"num": 8, "sec": "66", "ans": "AC", "n": 658}, "658": {"num": 9, "sec": "66", "ans": "BF", "n": 659}, "659": {"num": 0, "sec": "66", "ans": "AC", "n": 660}, "660": {"num": 1, "sec": "67", "ans": "A", "n": 661}, "661": {"num": 2, "sec": "67", "ans": "E", "n": 662}, "662": {"num": 3, "sec": "67", "ans": "AE", "n": 663}, "663": {"num": 4, "sec": "67", "ans": "BD", "n": 664}, "664": {"num": 5, "sec": "67", "ans": "BEG", "n": 665}, "665": {"num": 6, "sec": "67", "ans": "BDI", "n": 666}, "666": {"num": 7, "sec": "67", "ans": "EF", "n": 667}, "667": {"num": 8, "sec": "67", "ans": "DF", "n": 668}, "668": {"num": 9, "sec": "67", "ans": "AE", "n": 669}, "669": {"num": 0, "sec": "67", "ans": "BE", "n": 670}, "670": {"num": 1, "sec": "68", "ans": "A", "n": 671}, "671": {"num": 2, "sec": "68", "ans": "B", "n": 672}, "672": {"num": 3, "sec": "68", "ans": "BD", "n": 673}, "673": {"num": 4, "sec": "68", "ans": "AD", "n": 674}, "674": {"num": 5, "sec": "68", "ans": "CDG", "n": 675}, "675": {"num": 6, "sec": "68", "ans": "CEG", "n": 676}, "676": {"num": 7, "sec": "68", "ans": "CD", "n": 677}, "677": {"num": 8, "sec": "68", "ans": "CE", "n": 678}, "678": {"num": 9, "sec": "68", "ans": "BD", "n": 679}, "679": {"num": 0, "sec": "68", "ans": "BF", "n": 680}, "680": {"num": 1, "sec": "69", "ans": "A", "n": 681}, "681": {"num": 2, "sec": "69", "ans": "E", "n": 682}, "682": {"num": 3, "sec": "69", "ans": "AE", "n": 683}, "683": {"num": 4, "sec": "69", "ans": "BD", "n": 684}, "684": {"num": 5, "sec": "69", "ans": "CDH", "n": 685}, "685": {"num": 6, "sec": "69", "ans": "BEG", "n": 686}, "686": {"num": 7, "sec": "69", "ans": "CE", "n": 687}, "687": {"num": 8, "sec": "69", "ans": "AE", "n": 688}, "688": {"num": 9, "sec": "69", "ans": "BE", "n": 689}, "689": {"num": 0, "sec": "69", "ans": "BD", "n": 690}, "690": {"num": 1, "sec": "70", "ans": "D", "n": 691}, "691": {"num": 2, "sec": "70", "ans": "A", "n": 692}, "692": {"num": 3, "sec": "70", "ans": "AF", "n": 693}, "693": {"num": 4, "sec": "70", "ans": "AF", "n": 694}, "694": {"num": 5, "sec": "70", "ans": "AEG", "n": 695}, "695": {"num": 6, "sec": "70", "ans": "CFG", "n": 696}, "696": {"num": 7, "sec": "70", "ans": "BF", "n": 697}, "697": {"num": 8, "sec": "70", "ans": "BF", "n": 698}, "698": {"num": 9, "sec": "70", "ans": "AB", "n": 699}, "699": {"num": 0, "sec": "70", "ans": "AC", "n": 700}, "700": {"num": 1, "sec": "71", "ans": "C", "n": 701}, "701": {"num": 2, "sec": "71", "ans": "D", "n": 702}, "702": {"num": 3, "sec": "71", "ans": "BF", "n": 703}, "703": {"num": 4, "sec": "71", "ans": "BD", "n": 704}, "704": {"num": 5, "sec": "71", "ans": "CFI", "n": 705}, "705": {"num": 6, "sec": "71", "ans": "BFH", "n": 706}, "706": {"num": 7, "sec": "71", "ans": "BE", "n": 707}, "707": {"num": 8, "sec": "71", "ans": "AE", "n": 708}, "708": {"num": 9, "sec": "71", "ans": "BD", "n": 709}, "709": {"num": 0, "sec": "71", "ans": "CF", "n": 710}, "710": {"num": 1, "sec": "72", "ans": "E", "n": 711}, "711": {"num": 2, "sec": "72", "ans": "D", "n": 712}, "712": {"num": 3, "sec": "72", "ans": "AE", "n": 713}, "713": {"num": 4, "sec": "72", "ans": "CE", "n": 714}, "714": {"num": 5, "sec": "72", "ans": "CDH", "n": 715}, "715": {"num": 6, "sec": "72", "ans": "BEH", "n": 716}, "716": {"num": 7, "sec": "72", "ans": "EF", "n": 717}, "717": {"num": 8, "sec": "72", "ans": "DF", "n": 718}, "718": {"num": 9, "sec": "72", "ans": "AC", "n": 719}, "719": {"num": 0, "sec": "72", "ans": "CE", "n": 720}, "720": {"num": 1, "sec": "73", "ans": "D", "n": 721}, "721": {"num": 2, "sec": "73", "ans": "E", "n": 722}, "722": {"num": 3, "sec": "73", "ans": "CD", "n": 723}, "723": {"num": 4, "sec": "73", "ans": "CD", "n": 724}, "724": {"num": 5, "sec": "73", "ans": "BDI", "n": 725}, "725": {"num": 6, "sec": "73", "ans": "CFH", "n": 726}, "726": {"num": 7, "sec": "73", "ans": "AC", "n": 727}, "727": {"num": 8, "sec": "73", "ans": "DF", "n": 728}, "728": {"num": 9, "sec": "73", "ans": "AF", "n": 729}, "729": {"num": 0, "sec": "73", "ans": "BE", "n": 730}, "730": {"num": 1, "sec": "74", "ans": "B", "n": 731}, "731": {"num": 2, "sec": "74", "ans": "A", "n": 732}, "732": {"num": 3, "sec": "74", "ans": "AF", "n": 733}, "733": {"num": 4, "sec": "74", "ans": "AE", "n": 734}, "734": {"num": 5, "sec": "74", "ans": "BD", "n": 735}, "735": {"num": 6, "sec": "74", "ans": "ADG", "n": 736}, "736": {"num": 7, "sec": "74", "ans": "AD", "n": 737}, "737": {"num": 8, "sec": "74", "ans": "AE", "n": 738}, "738": {"num": 9, "sec": "74", "ans": "CE", "n": 739}, "739": {"num": 0, "sec": "74", "ans": "CE", "n": 740}, "740": {"num": 1, "sec": "75", "ans": "C", "n": 741}, "741": {"num": 2, "sec": "75", "ans": "E", "n": 742}, "742": {"num": 3, "sec": "75", "ans": "BF", "n": 743}, "743": {"num": 4, "sec": "75", "ans": "BE", "n": 744}, "744": {"num": 5, "sec": "75", "ans": "BE", "n": 745}, "745": {"num": 6, "sec": "75", "ans": "CDH", "n": 746}, "746": {"num": 7, "sec": "75", "ans": "DE", "n": 747}, "747": {"num": 8, "sec": "75", "ans": "CD", "n": 748}, "748": {"num": 9, "sec": "75", "ans": "BE", "n": 749}, "749": {"num": 0, "sec": "75", "ans": "BC", "n": 750}, "750": {"num": 1, "sec": "76", "ans": "B", "n": 751}, "751": {"num": 2, "sec": "76", "ans": "C", "n": 752}, "752": {"num": 3, "sec": "76", "ans": "AE", "n": 753}, "753": {"num": 4, "sec": "76", "ans": "AD", "n": 754}, "754": {"num": 5, "sec": "76", "ans": "CE", "n": 755}, "755": {"num": 6, "sec": "76", "ans": "BDG", "n": 756}, "756": {"num": 7, "sec": "76", "ans": "DE", "n": 757}, "757": {"num": 8, "sec": "76", "ans": "CF", "n": 758}, "758": {"num": 9, "sec": "76", "ans": "AE", "n": 759}, "759": {"num": 0, "sec": "76", "ans": "DF", "n": 760}, "760": {"num": 1, "sec": "77", "ans": "E", "n": 761}, "761": {"num": 2, "sec": "77", "ans": "E", "n": 762}, "762": {"num": 3, "sec": "77", "ans": "BE", "n": 763}, "763": {"num": 4, "sec": "77", "ans": "BF", "n": 764}, "764": {"num": 5, "sec": "77", "ans": "CF", "n": 765}, "765": {"num": 6, "sec": "77", "ans": "BDI", "n": 766}, "766": {"num": 7, "sec": "77", "ans": "EF", "n": 767}, "767": {"num": 8, "sec": "77", "ans": "EF", "n": 768}, "768": {"num": 9, "sec": "77", "ans": "EF", "n": 769}, "769": {"num": 0, "sec": "77", "ans": "BD", "n": 770}, "770": {"num": 1, "sec": "78", "ans": "D", "n": 771}, "771": {"num": 2, "sec": "78", "ans": "A", "n": 772}, "772": {"num": 3, "sec": "78", "ans": "AD", "n": 773}, "773": {"num": 4, "sec": "78", "ans": "CE", "n": 774}, "774": {"num": 5, "sec": "78", "ans": "AE", "n": 775}, "775": {"num": 6, "sec": "78", "ans": "AEH", "n": 776}, "776": {"num": 7, "sec": "78", "ans": "DE", "n": 777}, "777": {"num": 8, "sec": "78", "ans": "BF", "n": 778}, "778": {"num": 9, "sec": "78", "ans": "AB", "n": 779}, "779": {"num": 0, "sec": "78", "ans": "BE", "n": 780}, "780": {"num": 1, "sec": "79", "ans": "B", "n": 781}, "781": {"num": 2, "sec": "79", "ans": "E", "n": 782}, "782": {"num": 3, "sec": "79", "ans": "CF", "n": 783}, "783": {"num": 4, "sec": "79", "ans": "CD", "n": 784}, "784": {"num": 5, "sec": "79", "ans": "BFG", "n": 785}, "785": {"num": 6, "sec": "79", "ans": "CDI", "n": 786}, "786": {"num": 7, "sec": "79", "ans": "BF", "n": 787}, "787": {"num": 8, "sec": "79", "ans": "BF", "n": 788}, "788": {"num": 9, "sec": "79", "ans": "BF", "n": 789}, "789": {"num": 0, "sec": "79", "ans": "AF", "n": 790}, "790": {"num": 1, "sec": "80", "ans": "A", "n": 791}, "791": {"num": 2, "sec": "80", "ans": "A", "n": 792}, "792": {"num": 3, "sec": "80", "ans": "CE", "n": 793}, "793": {"num": 4, "sec": "80", "ans": "AF", "n": 794}, "794": {"num": 5, "sec": "80", "ans": "BDI", "n": 795}, "795": {"num": 6, "sec": "80", "ans": "AFH", "n": 796}, "796": {"num": 7, "sec": "80", "ans": "AD", "n": 797}, "797": {"num": 8, "sec": "80", "ans": "AE", "n": 798}, "798": {"num": 9, "sec": "80", "ans": "BD", "n": 799}, "799": {"num": 0, "sec": "80", "ans": "BD", "n": 800}, "800": {"num": 1, "sec": "81", "ans": "A", "n": 801}, "801": {"num": 2, "sec": "81", "ans": "A", "n": 802}, "802": {"num": 3, "sec": "81", "ans": "AD", "n": 803}, "803": {"num": 4, "sec": "81", "ans": "AE", "n": 804}, "804": {"num": 5, "sec": "81", "ans": "BDH", "n": 805}, "805": {"num": 6, "sec": "81", "ans": "AEG", "n": 806}, "806": {"num": 7, "sec": "81", "ans": "EF", "n": 807}, "807": {"num": 8, "sec": "81", "ans": "DF", "n": 808}, "808": {"num": 9, "sec": "81", "ans": "BD", "n": 809}, "809": {"num": 0, "sec": "81", "ans": "AD", "n": 810}, "810": {"num": 1, "sec": "82", "ans": "C", "n": 811}, "811": {"num": 2, "sec": "82", "ans": "A", "n": 812}, "812": {"num": 3, "sec": "82", "ans": "BD", "n": 813}, "813": {"num": 4, "sec": "82", "ans": "CD", "n": 814}, "814": {"num": 5, "sec": "82", "ans": "BDI", "n": 815}, "815": {"num": 6, "sec": "82", "ans": "AFH", "n": 816}, "816": {"num": 7, "sec": "82", "ans": "DF", "n": 817}, "817": {"num": 8, "sec": "82", "ans": "BD", "n": 818}, "818": {"num": 9, "sec": "82", "ans": "AD", "n": 819}, "819": {"num": 0, "sec": "82", "ans": "AD", "n": 820}, "820": {"num": 1, "sec": "83", "ans": "B", "n": 821}, "821": {"num": 2, "sec": "83", "ans": "B", "n": 822}, "822": {"num": 3, "sec": "83", "ans": "CE", "n": 823}, "823": {"num": 4, "sec": "83", "ans": "AF", "n": 824}, "824": {"num": 5, "sec": "83", "ans": "AEI", "n": 825}, "825": {"num": 6, "sec": "83", "ans": "CDH", "n": 826}, "826": {"num": 7, "sec": "83", "ans": "DE", "n": 827}, "827": {"num": 8, "sec": "83", "ans": "AE", "n": 828}, "828": {"num": 9, "sec": "83", "ans": "AE", "n": 829}, "829": {"num": 0, "sec": "83", "ans": "CE", "n": 830}, "830": {"num": 1, "sec": "84", "ans": "B", "n": 831}, "831": {"num": 2, "sec": "84", "ans": "A", "n": 832}, "832": {"num": 3, "sec": "84", "ans": "AD", "n": 833}, "833": {"num": 4, "sec": "84", "ans": "CF", "n": 834}, "834": {"num": 5, "sec": "84", "ans": "ADG", "n": 835}, "835": {"num": 6, "sec": "84", "ans": "BDI", "n": 836}, "836": {"num": 7, "sec": "84", "ans": "BE", "n": 837}, "837": {"num": 8, "sec": "84", "ans": "AD", "n": 838}, "838": {"num": 9, "sec": "84", "ans": "AE", "n": 839}, "839": {"num": 0, "sec": "84", "ans": "AB", "n": 840}, "840": {"num": 1, "sec": "85", "ans": "D", "n": 841}, "841": {"num": 2, "sec": "85", "ans": "C", "n": 842}, "842": {"num": 3, "sec": "85", "ans": "BF", "n": 843}, "843": {"num": 4, "sec": "85", "ans": "AF", "n": 844}, "844": {"num": 5, "sec": "85", "ans": "CDI", "n": 845}, "845": {"num": 6, "sec": "85", "ans": "CFI", "n": 846}, "846": {"num": 7, "sec": "85", "ans": "AD", "n": 847}, "847": {"num": 8, "sec": "85", "ans": "AB", "n": 848}, "848": {"num": 9, "sec": "85", "ans": "BF", "n": 849}, "849": {"num": 0, "sec": "85", "ans": "CF", "n": 850}, "850": {"num": 1, "sec": "86", "ans": "E", "n": 851}, "851": {"num": 2, "sec": "86", "ans": "B", "n": 852}, "852": {"num": 3, "sec": "86", "ans": "C", "n": 853}, "853": {"num": 4, "sec": "86", "ans": "AF", "n": 854}, "854": {"num": 5, "sec": "86", "ans": "BDH", "n": 855}, "855": {"num": 6, "sec": "86", "ans": "CEG", "n": 856}, "856": {"num": 7, "sec": "86", "ans": "DE", "n": 857}, "857": {"num": 8, "sec": "86", "ans": "BD", "n": 858}, "858": {"num": 9, "sec": "86", "ans": "BC", "n": 859}, "859": {"num": 0, "sec": "86", "ans": "BE", "n": 860}, "860": {"num": 1, "sec": "87", "ans": "A", "n": 861}, "861": {"num": 2, "sec": "87", "ans": "C", "n": 862}, "862": {"num": 3, "sec": "87", "ans": "B", "n": 863}, "863": {"num": 4, "sec": "87", "ans": "AD", "n": 864}, "864": {"num": 5, "sec": "87", "ans": "CDG", "n": 865}, "865": {"num": 6, "sec": "87", "ans": "CFG", "n": 866}, "866": {"num": 7, "sec": "87", "ans": "BE", "n": 867}, "867": {"num": 8, "sec": "87", "ans": "CE", "n": 868}, "868": {"num": 9, "sec": "87", "ans": "BC", "n": 869}, "869": {"num": 0, "sec": "87", "ans": "CF", "n": 870}, "870": {"num": 1, "sec": "88", "ans": "B", "n": 871}, "871": {"num": 2, "sec": "88", "ans": "BE", "n": 872}, "872": {"num": 3, "sec": "88", "ans": "CE", "n": 873}, "873": {"num": 4, "sec": "88", "ans": "BD", "n": 874}, "874": {"num": 5, "sec": "88", "ans": "CEH", "n": 875}, "875": {"num": 6, "sec": "88", "ans": "CFH", "n": 876}, "876": {"num": 7, "sec": "88", "ans": "AD", "n": 877}, "877": {"num": 8, "sec": "88", "ans": "AF", "n": 878}, "878": {"num": 9, "sec": "88", "ans": "BD", "n": 879}, "879": {"num": 0, "sec": "88", "ans": "AF", "n": 880}, "880": {"num": 1, "sec": "89", "ans": "B", "n": 881}, "881": {"num": 2, "sec": "89", "ans": "BD", "n": 882}, "882": {"num": 3, "sec": "89", "ans": "AD", "n": 883}, "883": {"num": 4, "sec": "89", "ans": "BD", "n": 884}, "884": {"num": 5, "sec": "89", "ans": "CDH", "n": 885}, "885": {"num": 6, "sec": "89", "ans": "BFG", "n": 886}, "886": {"num": 7, "sec": "89", "ans": "CE", "n": 887}, "887": {"num": 8, "sec": "89", "ans": "BD", "n": 888}, "888": {"num": 9, "sec": "89", "ans": "AB", "n": 889}, "889": {"num": 0, "sec": "89", "ans": "DE", "n": 890}, "890": {"num": 1, "sec": "90", "ans": "B", "n": 891}, "891": {"num": 2, "sec": "90", "ans": "E", "n": 892}, "892": {"num": 3, "sec": "90", "ans": "AD", "n": 893}, "893": {"num": 4, "sec": "90", "ans": "CE", "n": 894}, "894": {"num": 5, "sec": "90", "ans": "BD", "n": 895}, "895": {"num": 6, "sec": "90", "ans": "CEG", "n": 896}, "896": {"num": 7, "sec": "90", "ans": "BE", "n": 897}, "897": {"num": 8, "sec": "90", "ans": "BC", "n": 898}, "898": {"num": 9, "sec": "90", "ans": "BC", "n": 899}, "899": {"num": 0, "sec": "90", "ans": "CF", "n": 900}, "900": {"num": 1, "sec": "91", "ans": "B", "n": 901}, "901": {"num": 2, "sec": "91", "ans": "C", "n": 902}, "902": {"num": 3, "sec": "91", "ans": "BD", "n": 903}, "903": {"num": 4, "sec": "91", "ans": "AD", "n": 904}, "904": {"num": 5, "sec": "91", "ans": "BDG", "n": 905}, "905": {"num": 6, "sec": "91", "ans": "ADG", "n": 906}, "906": {"num": 7, "sec": "91", "ans": "BE", "n": 907}, "907": {"num": 8, "sec": "91", "ans": "AB", "n": 908}, "908": {"num": 9, "sec": "91", "ans": "BE", "n": 909}, "909": {"num": 0, "sec": "91", "ans": "BE", "n": 910}, "910": {"num": 1, "sec": "92", "ans": "D", "n": 911}, "911": {"num": 2, "sec": "92", "ans": "E", "n": 912}, "912": {"num": 3, "sec": "92", "ans": "CE", "n": 913}, "913": {"num": 4, "sec": "92", "ans": "AF", "n": 914}, "914": {"num": 5, "sec": "92", "ans": "CDG", "n": 915}, "915": {"num": 6, "sec": "92", "ans": "CDH", "n": 916}, "916": {"num": 7, "sec": "92", "ans": "CE", "n": 917}, "917": {"num": 8, "sec": "92", "ans": "CE", "n": 918}, "918": {"num": 9, "sec": "92", "ans": "AE", "n": 919}, "919": {"num": 0, "sec": "92", "ans": "DF", "n": 920}, "920": {"num": 1, "sec": "93", "ans": "B", "n": 921}, "921": {"num": 2, "sec": "93", "ans": "D", "n": 922}, "922": {"num": 3, "sec": "93", "ans": "BF", "n": 923}, "923": {"num": 4, "sec": "93", "ans": "BE", "n": 924}, "924": {"num": 5, "sec": "93", "ans": "ADH", "n": 925}, "925": {"num": 6, "sec": "93", "ans": "BEG", "n": 926}, "926": {"num": 7, "sec": "93", "ans": "BF", "n": 927}, "927": {"num": 8, "sec": "93", "ans": "DE", "n": 928}, "928": {"num": 9, "sec": "93", "ans": "CF", "n": 929}, "929": {"num": 0, "sec": "93", "ans": "CE", "n": 930}, "930": {"num": 1, "sec": "94", "ans": "D", "n": 931}, "931": {"num": 2, "sec": "94", "ans": "D", "n": 932}, "932": {"num": 3, "sec": "94", "ans": "BE", "n": 933}, "933": {"num": 4, "sec": "94", "ans": "AD", "n": 934}, "934": {"num": 5, "sec": "94", "ans": "BDG", "n": 935}, "935": {"num": 6, "sec": "94", "ans": "BDI", "n": 936}, "936": {"num": 7, "sec": "94", "ans": "BF", "n": 937}, "937": {"num": 8, "sec": "94", "ans": "AC", "n": 938}, "938": {"num": 9, "sec": "94", "ans": "AF", "n": 939}, "939": {"num": 0, "sec": "94", "ans": "CF", "n": 940}, "940": {"num": 1, "sec": "95", "ans": "C", "n": 941}, "941": {"num": 2, "sec": "95", "ans": "D", "n": 942}, "942": {"num": 3, "sec": "95", "ans": "BE", "n": 943}, "943": {"num": 4, "sec": "95", "ans": "CE", "n": 944}, "944": {"num": 5, "sec": "95", "ans": "ADG", "n": 945}, "945": {"num": 6, "sec": "95", "ans": "AEG", "n": 946}, "946": {"num": 7, "sec": "95", "ans": "AC", "n": 947}, "947": {"num": 8, "sec": "95", "ans": "CD", "n": 948}, "948": {"num": 9, "sec": "95", "ans": "DE", "n": 949}, "949": {"num": 0, "sec": "95", "ans": "BF", "n": 950}, "950": {"num": 1, "sec": "96", "ans": "B", "n": 951}, "951": {"num": 2, "sec": "96", "ans": "C", "n": 952}, "952": {"num": 3, "sec": "96", "ans": "CE", "n": 953}, "953": {"num": 4, "sec": "96", "ans": "AD", "n": 954}, "954": {"num": 5, "sec": "96", "ans": "CEH", "n": 955}, "955": {"num": 6, "sec": "96", "ans": "CDH", "n": 956}, "956": {"num": 7, "sec": "96", "ans": "AB", "n": 957}, "957": {"num": 8, "sec": "96", "ans": "EF", "n": 958}, "958": {"num": 9, "sec": "96", "ans": "DE", "n": 959}, "959": {"num": 0, "sec": "96", "ans": "CF", "n": 960}, "960": {"num": 1, "sec": "97", "ans": "A", "n": 961}, "961": {"num": 2, "sec": "97", "ans": "A", "n": 962}, "962": {"num": 3, "sec": "97", "ans": "CF", "n": 963}, "963": {"num": 4, "sec": "97", "ans": "BD", "n": 964}, "964": {"num": 5, "sec": "97", "ans": "AEH", "n": 965}, "965": {"num": 6, "sec": "97", "ans": "AFH", "n": 966}, "966": {"num": 7, "sec": "97", "ans": "CE", "n": 967}, "967": {"num": 8, "sec": "97", "ans": "EF", "n": 968}, "968": {"num": 9, "sec": "97", "ans": "BF", "n": 969}, "969": {"num": 0, "sec": "97", "ans": "EF", "n": 970}, "970": {"num": 1, "sec": "98", "ans": "B", "n": 971}, "971": {"num": 2, "sec": "98", "ans": "B", "n": 972}, "972": {"num": 3, "sec": "98", "ans": "BF", "n": 973}, "973": {"num": 4, "sec": "98", "ans": "BF", "n": 974}, "974": {"num": 5, "sec": "98", "ans": "ADH", "n": 975}, "975": {"num": 6, "sec": "98", "ans": "ADI", "n": 976}, "976": {"num": 7, "sec": "98", "ans": "BC", "n": 977}, "977": {"num": 8, "sec": "98", "ans": "BD", "n": 978}, "978": {"num": 9, "sec": "98", "ans": "BC", "n": 979}, "979": {"num": 0, "sec": "98", "ans": "AC", "n": 980}, "980": {"num": 1, "sec": "99", "ans": "B", "n": 981}, "981": {"num": 2, "sec": "99", "ans": "E", "n": 982}, "982": {"num": 3, "sec": "99", "ans": "AD", "n": 983}, "983": {"num": 4, "sec": "99", "ans": "AF", "n": 984}, "984": {"num": 5, "sec": "99", "ans": "CDI", "n": 985}, "985": {"num": 6, "sec": "99", "ans": "CDH", "n": 986}, "986": {"num": 7, "sec": "99", "ans": "AB", "n": 987}, "987": {"num": 8, "sec": "99", "ans": "AE", "n": 988}, "988": {"num": 9, "sec": "99", "ans": "CF", "n": 989}, "989": {"num": 0, "sec": "99", "ans": "EF", "n": 990}, "990": {"num": 1, "sec": "100", "ans": "A", "n": 991}, "991": {"num": 2, "sec": "100", "ans": "D", "n": 992}, "992": {"num": 3, "sec": "100", "ans": "AD", "n": 993}, "993": {"num": 4, "sec": "100", "ans": "CE", "n": 994}, "994": {"num": 5, "sec": "100", "ans": "CFH", "n": 995}, "995": {"num": 6, "sec": "100", "ans": "CFG", "n": 996}, "996": {"num": 7, "sec": "100", "ans": "BC", "n": 997}, "997": {"num": 8, "sec": "100", "ans": "AD", "n": 998}, "998": {"num": 9, "sec": "100", "ans": "AB", "n": 999}, "999": {"num": 0, "sec": "100", "ans": "BF", "n": 1000}}