{"Right": {"40": "C"}, "Wrong": {"150": "D", "151": "B", "152": "BD", "153": "AE", "155": "Wrong", "165": "Wrong", "156": "Wrong", "157": "Wrong", "158": "Wrong", "159": "Wrong", "0": "Wrong", "1": "Wrong", "2": "Wrong", "3": "Wrong", "4": "Wrong", "5": "Wrong", "6": "Wrong", "7": "Wrong", "8": "Wrong", "9": "Wrong", "16": "BD", "166": "BC", "154": "CE", "162": "CD", "10": "C", "11": "B", "12": "AD", "13": "BE", "14": "CFI", "15": "BEH", "17": "AB", "18": "CD", "19": "EF", "26": "AB", "20": "Wrong", "21": "Wrong", "22": "Wrong", "23": "Wrong", "24": "Wrong", "25": "Wrong", "27": "Wrong", "28": "Wrong", "29": "Wrong", "36": "DF", "30": "B", "31": "C"}}